fid,district,dist_name,shape_star,shape_stle,SHAPE__Len,SHAPE__Are,dist_area,OBJECTID,STATEFP20,COUNTYFP20,TRACTCE20,GEOID20,NAME20,NAMELSAD20,MTFCC20,FUNCSTAT20,ALAND20,AWATER20,INTPTLAT20,INTPTLON20,ShapeSTAre,ShapeSTLen,trac_area,int_area
"1","1",Central,73070801.741899996995926,59904.151396499997645,23616.868312823258748,11352042.309992054477334,"6788839","1738","24","510","280500","24510280500","2805",Census Tract,G5020,S,"923979","0","+39.2951239","-076.6029382",1544831.484375000000000,5214.821834606654193,"923979","33515"
"1","1",Central,73070801.741899996995926,59904.151396499997645,23616.868312823258748,11352042.309992054477334,"6788839","2154","24","510","140200","24510140200","1402",Census Tract,G5020,S,"395229","0","+39.3037530","-076.6321873",660956.875000000000000,3403.971467223123909,"395228","394853"
"1","1",Central,73070801.741899996995926,59904.151396499997645,23616.868312823258748,11352042.309992054477334,"6788839","2155","24","510","140300","24510140300","1403",Census Tract,G5020,S,"389282","0","+39.3078099","-076.6361904",651086.105468750000000,3565.679745235034261,"389281","387943"
"1","1",Central,73070801.741899996995926,59904.151396499997645,23616.868312823258748,11352042.309992054477334,"6788839","2191","24","510","030200","24510030200","302",Census Tract,G5020,S,"506034","91912","+39.2865363","-076.6022612",999488.957031250000000,4618.598261681992881,"597950","33022"
"1","1",Central,73070801.741899996995926,59904.151396499997645,23616.868312823258748,11352042.309992054477334,"6788839","2192","24","510","040100","24510040100","401",Census Tract,G5020,S,"1189600","0","+39.2903959","-076.6149601",1988670.769531250000000,5881.013915727617132,"1189604","1188800"
"1","1",Central,73070801.741899996995926,59904.151396499997645,23616.868312823258748,11352042.309992054477334,"6788839","2193","24","510","040200","24510040200","402",Census Tract,G5020,S,"435698","0","+39.2903223","-076.6250565",728358.691406250000000,3648.080597299983310,"435698","408478"
"1","1",Central,73070801.741899996995926,59904.151396499997645,23616.868312823258748,11352042.309992054477334,"6788839","2536","24","510","100100","24510100100","1001",Census Tract,G5020,S,"453808","0","+39.3032186","-076.6047442",758911.222656250000000,4014.925437688766579,"453808","2574"
"1","1",Central,73070801.741899996995926,59904.151396499997645,23616.868312823258748,11352042.309992054477334,"6788839","2537","24","510","130300","24510130300","1303",Census Tract,G5020,S,"359731","0","+39.3123572","-076.6406686",601740.105468749883585,3745.663961748161910,"359731","102627"
"1","1",Central,73070801.741899996995926,59904.151396499997645,23616.868312823258748,11352042.309992054477334,"6788839","2540","24","510","160100","24510160100","1601",Census Tract,G5020,S,"382639","0","+39.2980892","-076.6363266",639795.769531250000000,3690.973261556858233,"382636","236"
"1","1",Central,73070801.741899996995926,59904.151396499997645,23616.868312823258748,11352042.309992054477334,"6788839","2541","24","510","130200","24510130200","1302",Census Tract,G5020,S,"352623","0","+39.3123177","-076.6305781",589849.933593750000000,3664.227759596151373,"352623","352588"
"1","1",Central,73070801.741899996995926,59904.151396499997645,23616.868312823258748,11352042.309992054477334,"6788839","2542","24","510","130400","24510130400","1304",Census Tract,G5020,S,"2599677","203955","+39.3225962","-076.6448717",4691109.062500000000000,9336.451092898512798,"2803633","20117"
"1","1",Central,73070801.741899996995926,59904.151396499997645,23616.868312823258748,11352042.309992054477334,"6788839","2553","24","510","150100","24510150100","1501",Census Tract,G5020,S,"369345","0","+39.3061672","-076.6417556",617717.355468750116415,3297.682910299235118,"369347","606"
"1","1",Central,73070801.741899996995926,59904.151396499997645,23616.868312823258748,11352042.309992054477334,"6788839","2555","24","510","120400","24510120400","1204",Census Tract,G5020,S,"281025","0","+39.3138354","-076.6123840",470107.484375000000000,2766.362515425598758,"281027","13654"
"1","1",Central,73070801.741899996995926,59904.151396499997645,23616.868312823258748,11352042.309992054477334,"6788839","2895","24","510","110100","24510110100","1101",Census Tract,G5020,S,"313921","0","+39.3002458","-076.6128641",524931.503906250000000,3932.170521822234150,"313921","291832"
"1","1",Central,73070801.741899996995926,59904.151396499997645,23616.868312823258748,11352042.309992054477334,"6788839","2896","24","510","110200","24510110200","1102",Census Tract,G5020,S,"720072","0","+39.3014588","-076.6175056",1204134.828125000000000,5025.228815677630337,"720076","720076"
"1","1",Central,73070801.741899996995926,59904.151396499997645,23616.868312823258748,11352042.309992054477334,"6788839","2899","24","510","120500","24510120500","1205",Census Tract,G5020,S,"534553","0","+39.3085848","-076.6140036",894072.757812500000000,4504.742700313904606,"534550","291261"
"1","1",Central,73070801.741899996995926,59904.151396499997645,23616.868312823258748,11352042.309992054477334,"6788839","2900","24","510","120600","24510120600","1206",Census Tract,G5020,S,"504967","0","+39.3170880","-076.6175228",844798.218750000000000,4498.876193964979393,"504968","49265"
"1","1",Central,73070801.741899996995926,59904.151396499997645,23616.868312823258748,11352042.309992054477334,"6788839","2901","24","510","280600","24510280600","2806",Census Tract,G5020,S,"576317","0","+39.2916116","-076.6329627",963469.816406250000000,3987.707207125955392,"576319","134168"
"1","1",Central,73070801.741899996995926,59904.151396499997645,23616.868312823258748,11352042.309992054477334,"6788839","2982","24","510","120700","24510120700","1207",Census Tract,G5020,S,"1034427","9367","+39.3184095","-076.6235290",1746296.546875000000000,5836.100918364536483,"1043797","21441"
"1","1",Central,73070801.741899996995926,59904.151396499997645,23616.868312823258748,11352042.309992054477334,"6788839","2983","24","510","130100","24510130100","1301",Census Tract,G5020,S,"311272","0","+39.3152603","-076.6342242",520718.472656250000000,3496.616175163726439,"311269","296175"
"1","1",Central,73070801.741899996995926,59904.151396499997645,23616.868312823258748,11352042.309992054477334,"6788839","2984","24","510","170100","24510170100","1701",Census Tract,G5020,S,"282140","0","+39.2971188","-076.6227994",471743.796875000000000,3193.887637553015338,"282139","282139"
"1","1",Central,73070801.741899996995926,59904.151396499997645,23616.868312823258748,11352042.309992054477334,"6788839","2985","24","510","170200","24510170200","1702",Census Tract,G5020,S,"494006","0","+39.3011752","-076.6257103",826088.742187500000000,3851.012692571307070,"494007","494007"
"1","1",Central,73070801.741899996995926,59904.151396499997645,23616.868312823258748,11352042.309992054477334,"6788839","2986","24","510","170300","24510170300","1703",Census Tract,G5020,S,"305829","0","+39.2974131","-076.6305876",511359.457031250000000,2872.396918455189279,"305829","305432"
"1","1",Central,73070801.741899996995926,59904.151396499997645,23616.868312823258748,11352042.309992054477334,"6788839","3011","24","510","180300","24510180300","1803",Census Tract,G5020,S,"289563","0","+39.2873082","-076.6329977",484019.023437500000000,3186.054221045049871,"289561","52"
"1","1",Central,73070801.741899996995926,59904.151396499997645,23616.868312823258748,11352042.309992054477334,"6788839","3032","24","510","220100","24510220100","2201",Census Tract,G5020,S,"1154889","284941","+39.2827739","-076.6139104",2406468.828125000000000,7001.719097773799149,"1439828","397013"
"1","1",Central,73070801.741899996995926,59904.151396499997645,23616.868312823258748,11352042.309992054477334,"6788839","3040","24","510","140100","24510140100","1401",Census Tract,G5020,S,"566966","0","+39.3077211","-076.6256874",948265.074218750000000,4205.603898618831408,"566965","566965"
"2","2",Southeastern,259727662.838999986648560,166650.351296000008006,65673.352493371596211,40327843.597975626587868,"24130816","1738","24","510","280500","24510280500","2805",Census Tract,G5020,S,"923979","0","+39.2951239","-076.6029382",1544831.484375000000000,5214.821834606654193,"923979","328973"
"2","2",Southeastern,259727662.838999986648560,166650.351296000008006,65673.352493371596211,40327843.597975626587868,"24130816","2133","24","510","260604","24510260604","2606.04",Census Tract,G5020,S,"503666","0","+39.2786758","-076.5388371",841703.136718750000000,3890.741964103595819,"503666","503666"
"2","2",Southeastern,259727662.838999986648560,166650.351296000008006,65673.352493371596211,40327843.597975626587868,"24130816","2135","24","510","010100","24510010100","101",Census Tract,G5020,S,"393198","148387","+39.2786343","-076.5745793",905083.867187500000000,4812.533386803034773,"541584","393672"
"2","2",Southeastern,259727662.838999986648560,166650.351296000008006,65673.352493371596211,40327843.597975626587868,"24130816","2136","24","510","010300","24510010300","103",Census Tract,G5020,S,"673883","10498","+39.2883650","-076.5802265",1143994.933593750000000,4386.327690258074654,"684377","684377"
"2","2",Southeastern,259727662.838999986648560,166650.351296000008006,65673.352493371596211,40327843.597975626587868,"24130816","2137","24","510","010400","24510010400","104",Census Tract,G5020,S,"373744","558487","+39.2781675","-076.5795274",1557929.859375000000000,5819.709875743074008,"932230","372130"
"2","2",Southeastern,259727662.838999986648560,166650.351296000008006,65673.352493371596211,40327843.597975626587868,"24130816","2138","24","510","010500","24510010500","105",Census Tract,G5020,S,"155243","0","+39.2888746","-076.5858889",259508.992187500000000,2316.464646714975061,"155242","155242"
"2","2",Southeastern,259727662.838999986648560,166650.351296000008006,65673.352493371596211,40327843.597975626587868,"24130816","2139","24","510","020100","24510020100","201",Census Tract,G5020,S,"174536","0","+39.2887712","-076.5887716",291758.597656250000000,2395.338762929814038,"174535","174535"
"2","2",Southeastern,259727662.838999986648560,166650.351296000008006,65673.352493371596211,40327843.597975626587868,"24130816","2140","24","510","020200","24510020200","202",Census Tract,G5020,S,"197559","0","+39.2886357","-076.5920299",330245.929687500000000,2486.401029654948161,"197560","197560"
"2","2",Southeastern,259727662.838999986648560,166650.351296000008006,65673.352493371596211,40327843.597975626587868,"24130816","2141","24","510","020300","24510020300","203",Census Tract,G5020,S,"662772","384067","+39.2808610","-076.5940789",1749567.363281250000000,5570.621213395641462,"1046842","654208"
"2","2",Southeastern,259727662.838999986648560,166650.351296000008006,65673.352493371596211,40327843.597975626587868,"24130816","2142","24","510","030100","24510030100","301",Census Tract,G5020,S,"427427","0","+39.2894076","-076.5965752",714512.585937500000000,3534.578415910371405,"427426","427426"
"2","2",Southeastern,259727662.838999986648560,166650.351296000008006,65673.352493371596211,40327843.597975626587868,"24130816","2191","24","510","030200","24510030200","302",Census Tract,G5020,S,"506034","91912","+39.2865363","-076.6022612",999488.957031250000000,4618.598261681992881,"597950","482877"
"2","2",Southeastern,259727662.838999986648560,166650.351296000008006,65673.352493371596211,40327843.597975626587868,"24130816","2192","24","510","040100","24510040100","401",Census Tract,G5020,S,"1189600","0","+39.2903959","-076.6149601",1988670.769531250000000,5881.013915727617132,"1189604","5"
"2","2",Southeastern,259727662.838999986648560,166650.351296000008006,65673.352493371596211,40327843.597975626587868,"24130816","2194","24","510","060400","24510060400","604",Census Tract,G5020,S,"430129","0","+39.2950986","-076.5909176",719148.644531250000000,3425.695103471074617,"430130","215803"
"2","2",Southeastern,259727662.838999986648560,166650.351296000008006,65673.352493371596211,40327843.597975626587868,"24130816","2195","24","510","070100","24510070100","701",Census Tract,G5020,S,"290634","0","+39.2998323","-076.5754298",485984.781250000000000,2841.392630540977279,"290634","108494"
"2","2",Southeastern,259727662.838999986648560,166650.351296000008006,65673.352493371596211,40327843.597975626587868,"24130816","2196","24","510","070200","24510070200","702",Census Tract,G5020,S,"311145","0","+39.2996608","-076.5810142",520279.281250000000000,3201.015460845304460,"311144","113905"
"2","2",Southeastern,259727662.838999986648560,166650.351296000008006,65673.352493371596211,40327843.597975626587868,"24130816","2197","24","510","070300","24510070300","703",Census Tract,G5020,S,"228689","0","+39.2994991","-076.5859396",382398.222656250000000,2740.965336630474212,"228688","28072"
"2","2",Southeastern,259727662.838999986648560,166650.351296000008006,65673.352493371596211,40327843.597975626587868,"24130816","2202","24","510","250600","24510250600","2506",Census Tract,G5020,S,"5660512","9589221","+39.2368421","-076.5748320",25455485.636718750000000,25278.421543714532163,"15249744","18621"
"2","2",Southeastern,259727662.838999986648560,166650.351296000008006,65673.352493371596211,40327843.597975626587868,"24130816","2529","24","510","060300","24510060300","603",Census Tract,G5020,S,"187111","0","+39.2942438","-076.5855106",312828.871093750000000,2276.803466207080419,"187111","125929"
"2","2",Southeastern,259727662.838999986648560,166650.351296000008006,65673.352493371596211,40327843.597975626587868,"24130816","2530","24","510","260800","24510260800","2608",Census Tract,G5020,S,"311708","0","+39.2901606","-076.5659569",521078.691406250000000,2886.100158482865027,"311706","311706"
"2","2",Southeastern,259727662.838999986648560,166650.351296000008006,65673.352493371596211,40327843.597975626587868,"24130816","2532","24","510","260900","24510260900","2609",Census Tract,G5020,S,"552102","0","+39.2832964","-076.5656399",922771.289062500000000,3949.546192029021768,"552104","552104"
"2","2",Southeastern,259727662.838999986648560,166650.351296000008006,65673.352493371596211,40327843.597975626587868,"24130816","2538","24","510","060100","24510060100","601",Census Tract,G5020,S,"238719","0","+39.2946533","-076.5751514",399116.539062500000000,2545.123949475032077,"238719","238719"
"2","2",Southeastern,259727662.838999986648560,166650.351296000008006,65673.352493371596211,40327843.597975626587868,"24130816","2558","24","510","010200","24510010200","102",Census Tract,G5020,S,"355165","0","+39.2880851","-076.5740101",593694.125000000000000,3560.055298623007275,"355165","355165"
"2","2",Southeastern,259727662.838999986648560,166650.351296000008006,65673.352493371596211,40327843.597975626587868,"24130816","2562","24","510","261000","24510261000","2610",Census Tract,G5020,S,"310026","0","+39.2935829","-076.5708757",518317.218750000000000,4027.937416173072506,"310024","309664"
"2","2",Southeastern,259727662.838999986648560,166650.351296000008006,65673.352493371596211,40327843.597975626587868,"24130816","2563","24","510","260700","24510260700","2607",Census Tract,G5020,S,"785731","0","+39.2862814","-076.5586427",1313356.996093750000000,5036.929594175858256,"785729","785729"
"2","2",Southeastern,259727662.838999986648560,166650.351296000008006,65673.352493371596211,40327843.597975626587868,"24130816","2565","24","510","060200","24510060200","602",Census Tract,G5020,S,"257735","0","+39.2944298","-076.5806137",430906.621093750000000,2626.202679413029273,"257735","257735"
"2","2",Southeastern,259727662.838999986648560,166650.351296000008006,65673.352493371596211,40327843.597975626587868,"24130816","2878","24","510","260404","24510260404","2604.04",Census Tract,G5020,S,"4467107","0","+39.3000662","-076.5528630",7469762.078125000000000,15389.574397184818736,"4467115","2927462"
"2","2",Southeastern,259727662.838999986648560,166650.351296000008006,65673.352493371596211,40327843.597975626587868,"24130816","2879","24","510","260501","24510260501","2605.01",Census Tract,G5020,S,"3217418","3813","+39.2883470","-076.5423935",5384690.730468750000000,9646.999844643885808,"3221233","3206265"
"2","2",Southeastern,259727662.838999986648560,166650.351296000008006,65673.352493371596211,40327843.597975626587868,"24130816","2926","24","510","260605","24510260605","2606.05",Census Tract,G5020,S,"9979929","7154314","+39.2583782","-076.5496645",28617528.265625000000000,27414.425802035861125,"17134242","9944984"
"2","2",Southeastern,259727662.838999986648560,166650.351296000008006,65673.352493371596211,40327843.597975626587868,"24130816","2927","24","510","261100","24510261100","2611",Census Tract,G5020,S,"219783","0","+39.2829568","-076.5700550",367335.910156250000000,3192.032561820132287,"219783","219783"
"2","2",Southeastern,259727662.838999986648560,166650.351296000008006,65673.352493371596211,40327843.597975626587868,"24130816","3034","24","510","240100","24510240100","2401",Census Tract,G5020,S,"1906851","2352887","+39.2650952","-076.5874454",7116030.937500000000000,11965.074035850224391,"4259735","33160"
"3","3",Eastern,104189685.716000005602837,52305.266022900010285,20604.723810537063400,16189194.131413916125894,"9680008","1738","24","510","280500","24510280500","2805",Census Tract,G5020,S,"923979","0","+39.2951239","-076.6029382",1544831.484375000000000,5214.821834606654193,"923979","561491"
"3","3",Eastern,104189685.716000005602837,52305.266022900010285,20604.723810537063400,16189194.131413916125894,"9680008","2194","24","510","060400","24510060400","604",Census Tract,G5020,S,"430129","0","+39.2950986","-076.5909176",719148.644531250000000,3425.695103471074617,"430130","214328"
"3","3",Eastern,104189685.716000005602837,52305.266022900010285,20604.723810537063400,16189194.131413916125894,"9680008","2195","24","510","070100","24510070100","701",Census Tract,G5020,S,"290634","0","+39.2998323","-076.5754298",485984.781250000000000,2841.392630540977279,"290634","182140"
"3","3",Eastern,104189685.716000005602837,52305.266022900010285,20604.723810537063400,16189194.131413916125894,"9680008","2196","24","510","070200","24510070200","702",Census Tract,G5020,S,"311145","0","+39.2996608","-076.5810142",520279.281250000000000,3201.015460845304460,"311144","197239"
"3","3",Eastern,104189685.716000005602837,52305.266022900010285,20604.723810537063400,16189194.131413916125894,"9680008","2197","24","510","070300","24510070300","703",Census Tract,G5020,S,"228689","0","+39.2994991","-076.5859396",382398.222656250000000,2740.965336630474212,"228688","200616"
"3","3",Eastern,104189685.716000005602837,52305.266022900010285,20604.723810537063400,16189194.131413916125894,"9680008","2198","24","510","070400","24510070400","704",Census Tract,G5020,S,"326989","0","+39.3002032","-076.5928470",546780.281250000000000,3178.272640735900495,"326988","326988"
"3","3",Eastern,104189685.716000005602837,52305.266022900010285,20604.723810537063400,16189194.131413916125894,"9680008","2212","24","510","080101","24510080101","801.01",Census Tract,G5020,S,"2323952","1899","+39.3228490","-076.5790240",3891774.054687500000000,9019.037464755401743,"2325851","55"
"3","3",Eastern,104189685.716000005602837,52305.266022900010285,20604.723810537063400,16189194.131413916125894,"9680008","2213","24","510","080102","24510080102","801.02",Census Tract,G5020,S,"365633","0","+39.3170456","-076.5758920",611698.859375000000000,3596.167584385502778,"365636","4"
"3","3",Eastern,104189685.716000005602837,52305.266022900010285,20604.723810537063400,16189194.131413916125894,"9680008","2218","24","510","080200","24510080200","802",Census Tract,G5020,S,"856268","0","+39.3119650","-076.5816166",1432306.898437500000000,5733.623796063570808,"856269","776916"
"3","3",Eastern,104189685.716000005602837,52305.266022900010285,20604.723810537063400,16189194.131413916125894,"9680008","2219","24","510","080302","24510080302","803.02",Census Tract,G5020,S,"439533","0","+39.3059215","-076.5764340",735097.074218750000000,3456.889212495627362,"439534","439534"
"3","3",Eastern,104189685.716000005602837,52305.266022900010285,20604.723810537063400,16189194.131413916125894,"9680008","2220","24","510","080400","24510080400","804",Census Tract,G5020,S,"250976","0","+39.3056714","-076.5861659",419744.304687499941792,2707.882234525006425,"250978","250978"
"3","3",Eastern,104189685.716000005602837,52305.266022900010285,20604.723810537063400,16189194.131413916125894,"9680008","2221","24","510","080500","24510080500","805",Census Tract,G5020,S,"348376","0","+39.3141597","-076.5938464",582775.417968750000000,3452.674001713088728,"348376","320480"
"3","3",Eastern,104189685.716000005602837,52305.266022900010285,20604.723810537063400,16189194.131413916125894,"9680008","2222","24","510","080600","24510080600","806",Census Tract,G5020,S,"336416","0","+39.3104188","-076.5934776",562703.062500000000000,3217.286207612534326,"336413","336413"
"3","3",Eastern,104189685.716000005602837,52305.266022900010285,20604.723810537063400,16189194.131413916125894,"9680008","2529","24","510","060300","24510060300","603",Census Tract,G5020,S,"187111","0","+39.2942438","-076.5855106",312828.871093750000000,2276.803466207080419,"187111","61182"
"3","3",Eastern,104189685.716000005602837,52305.266022900010285,20604.723810537063400,16189194.131413916125894,"9680008","2531","24","510","080800","24510080800","808",Census Tract,G5020,S,"327456","0","+39.3036982","-076.5930531",547618.945312500000000,3183.396515713953249,"327457","327457"
"3","3",Eastern,104189685.716000005602837,52305.266022900010285,20604.723810537063400,16189194.131413916125894,"9680008","2536","24","510","100100","24510100100","1001",Census Tract,G5020,S,"453808","0","+39.3032186","-076.6047442",758911.222656250000000,4014.925437688766579,"453808","451235"
"3","3",Eastern,104189685.716000005602837,52305.266022900010285,20604.723810537063400,16189194.131413916125894,"9680008","2554","24","510","090900","24510090900","909",Census Tract,G5020,S,"686864","0","+39.3084221","-076.6035994",1148822.675781250000000,4290.970007378519767,"686864","686864"
"3","3",Eastern,104189685.716000005602837,52305.266022900010285,20604.723810537063400,16189194.131413916125894,"9680008","2555","24","510","120400","24510120400","1204",Census Tract,G5020,S,"281025","0","+39.3138354","-076.6123840",470107.484375000000000,2766.362515425598758,"281027","165780"
"3","3",Eastern,104189685.716000005602837,52305.266022900010285,20604.723810537063400,16189194.131413916125894,"9680008","2557","24","510","080301","24510080301","803.01",Census Tract,G5020,S,"268608","0","+39.3057013","-076.5820327",449229.726562500000000,2843.395079883591279,"268608","268608"
"3","3",Eastern,104189685.716000005602837,52305.266022900010285,20604.723810537063400,16189194.131413916125894,"9680008","2561","24","510","080700","24510080700","807",Census Tract,G5020,S,"298756","0","+39.3070324","-076.5932887",499671.699218750000000,3100.726831557611149,"298758","298758"
"3","3",Eastern,104189685.716000005602837,52305.266022900010285,20604.723810537063400,16189194.131413916125894,"9680008","2562","24","510","261000","24510261000","2610",Census Tract,G5020,S,"310026","0","+39.2935829","-076.5708757",518317.218750000000000,4027.937416173072506,"310024","361"
"3","3",Eastern,104189685.716000005602837,52305.266022900010285,20604.723810537063400,16189194.131413916125894,"9680008","2834","24","510","260302","24510260302","2603.02",Census Tract,G5020,S,"896864","0","+39.3170679","-076.5644287",1500430.734375000000000,5672.351492564966065,"896865","32"
"3","3",Eastern,104189685.716000005602837,52305.266022900010285,20604.723810537063400,16189194.131413916125894,"9680008","2845","24","510","260303","24510260303","2603.03",Census Tract,G5020,S,"1218862","0","+39.3125925","-076.5604701",2038868.804687500000000,7206.962830549455248,"1218864","333493"
"3","3",Eastern,104189685.716000005602837,52305.266022900010285,20604.723810537063400,16189194.131413916125894,"9680008","2846","24","510","260401","24510260401","2604.01",Census Tract,G5020,S,"1341147","0","+39.3062321","-076.5527959",2243016.300781250000000,6456.019093659301689,"1341149","288964"
"3","3",Eastern,104189685.716000005602837,52305.266022900010285,20604.723810537063400,16189194.131413916125894,"9680008","2878","24","510","260404","24510260404","2604.04",Census Tract,G5020,S,"4467107","0","+39.3000662","-076.5528630",7469762.078125000000000,15389.574397184818736,"4467115","1491629"
"3","3",Eastern,104189685.716000005602837,52305.266022900010285,20604.723810537063400,16189194.131413916125894,"9680008","2886","24","510","090800","24510090800","908",Census Tract,G5020,S,"846055","0","+39.3155244","-076.6036910",1415358.015625000232831,4896.196255649272643,"846051","718661"
"3","3",Eastern,104189685.716000005602837,52305.266022900010285,20604.723810537063400,16189194.131413916125894,"9680008","2887","24","510","100200","24510100200","1002",Census Tract,G5020,S,"304692","0","+39.2998552","-076.6022617",509489.808593750000000,3036.545841446867144,"304690","304690"
"3","3",Eastern,104189685.716000005602837,52305.266022900010285,20604.723810537063400,16189194.131413916125894,"9680008","2888","24","510","100300","24510100300","1003",Census Tract,G5020,S,"156309","0","+39.2995112","-076.6091250",261370.656250000029104,2046.741024988424215,"156309","156309"
"3","3",Eastern,104189685.716000005602837,52305.266022900010285,20604.723810537063400,16189194.131413916125894,"9680008","2895","24","510","110100","24510110100","1101",Census Tract,G5020,S,"313921","0","+39.3002458","-076.6128641",524931.503906250000000,3932.170521822234150,"313921","22089"
"3","3",Eastern,104189685.716000005602837,52305.266022900010285,20604.723810537063400,16189194.131413916125894,"9680008","2898","24","510","120300","24510120300","1203",Census Tract,G5020,S,"403945","0","+39.3199472","-076.6124858",675842.546875000000000,3415.458602408161823,"403944","53476"
"3","3",Eastern,104189685.716000005602837,52305.266022900010285,20604.723810537063400,16189194.131413916125894,"9680008","2899","24","510","120500","24510120500","1205",Census Tract,G5020,S,"534553","0","+39.3085848","-076.6140036",894072.757812500000000,4504.742700313904606,"534550","243239"
"4","4",Northeastern,446284308.389999985694885,91007.155087000006461,35893.558473007324210,69411195.176428183913231,"41462790","2203","24","510","260101","24510260101","2601.01",Census Tract,G5020,S,"1635742","0","+39.3438880","-076.5353622",2738641.660156250000000,7724.613946525718347,"1635746","1632643"
"4","4",Northeastern,446284308.389999985694885,91007.155087000006461,35893.558473007324210,69411195.176428183913231,"41462790","2204","24","510","260102","24510260102","2601.02",Census Tract,G5020,S,"1451520","0","+39.3349700","-076.5404207",2429588.453124999534339,7056.331908091951846,"1451521","1449933"
"4","4",Northeastern,446284308.389999985694885,91007.155087000006461,35893.558473007324210,69411195.176428183913231,"41462790","2205","24","510","260201","24510260201","2602.01",Census Tract,G5020,S,"1648547","0","+39.3295860","-076.5500474",2758953.597656250000000,7007.187447635900753,"1648547","1648547"
"4","4",Northeastern,446284308.389999985694885,91007.155087000006461,35893.558473007324210,69411195.176428183913231,"41462790","2212","24","510","080101","24510080101","801.01",Census Tract,G5020,S,"2323952","1899","+39.3228490","-076.5790240",3891774.054687500000000,9019.037464755401743,"2325851","2325796"
"4","4",Northeastern,446284308.389999985694885,91007.155087000006461,35893.558473007324210,69411195.176428183913231,"41462790","2213","24","510","080102","24510080102","801.02",Census Tract,G5020,S,"365633","0","+39.3170456","-076.5758920",611698.859375000000000,3596.167584385502778,"365636","365632"
"4","4",Northeastern,446284308.389999985694885,91007.155087000006461,35893.558473007324210,69411195.176428183913231,"41462790","2218","24","510","080200","24510080200","802",Census Tract,G5020,S,"856268","0","+39.3119650","-076.5816166",1432306.898437500000000,5733.623796063570808,"856269","79353"
"4","4",Northeastern,446284308.389999985694885,91007.155087000006461,35893.558473007324210,69411195.176428183913231,"41462790","2221","24","510","080500","24510080500","805",Census Tract,G5020,S,"348376","0","+39.3141597","-076.5938464",582775.417968750000000,3452.674001713088728,"348376","27896"
"4","4",Northeastern,446284308.389999985694885,91007.155087000006461,35893.558473007324210,69411195.176428183913231,"41462790","2223","24","510","090100","24510090100","901",Census Tract,G5020,S,"657875","0","+39.3369651","-076.6036954",1101222.957031250000000,4745.532790982840197,"657872","315405"
"4","4",Northeastern,446284308.389999985694885,91007.155087000006461,35893.558473007324210,69411195.176428183913231,"41462790","2534","24","510","270501","24510270501","2705.01",Census Tract,G5020,S,"2319872","2012","+39.3656275","-076.5361691",3889774.839843750000000,8032.972520920056013,"2321890","2301091"
"4","4",Northeastern,446284308.389999985694885,91007.155087000006461,35893.558473007324210,69411195.176428183913231,"41462790","2556","24","510","270701","24510270701","2707.01",Census Tract,G5020,S,"399831","0","+39.3699355","-076.5664561",669914.378906250000000,3656.180763245856724,"399834","388078"
"4","4",Northeastern,446284308.389999985694885,91007.155087000006461,35893.558473007324210,69411195.176428183913231,"41462790","2831","24","510","260202","24510260202","2602.02",Census Tract,G5020,S,"1044018","1618","+39.3252333","-076.5566614",1749699.898437499767169,6092.711391586126410,"1045635","1045635"
"4","4",Northeastern,446284308.389999985694885,91007.155087000006461,35893.558473007324210,69411195.176428183913231,"41462790","2832","24","510","260203","24510260203","2602.03",Census Tract,G5020,S,"853290","0","+39.3226431","-076.5436195",1427756.671875000000000,7243.306937489212032,"853290","853290"
"4","4",Northeastern,446284308.389999985694885,91007.155087000006461,35893.558473007324210,69411195.176428183913231,"41462790","2833","24","510","260301","24510260301","2603.01",Census Tract,G5020,S,"607369","0","+39.3221262","-076.5666573",1016249.671875000000000,4264.455358948047433,"607364","607364"
"4","4",Northeastern,446284308.389999985694885,91007.155087000006461,35893.558473007324210,69411195.176428183913231,"41462790","2834","24","510","260302","24510260302","2603.02",Census Tract,G5020,S,"896864","0","+39.3170679","-076.5644287",1500430.734375000000000,5672.351492564966065,"896865","896833"
"4","4",Northeastern,446284308.389999985694885,91007.155087000006461,35893.558473007324210,69411195.176428183913231,"41462790","2845","24","510","260303","24510260303","2603.03",Census Tract,G5020,S,"1218862","0","+39.3125925","-076.5604701",2038868.804687500000000,7206.962830549455248,"1218864","885371"
"4","4",Northeastern,446284308.389999985694885,91007.155087000006461,35893.558473007324210,69411195.176428183913231,"41462790","2846","24","510","260401","24510260401","2604.01",Census Tract,G5020,S,"1341147","0","+39.3062321","-076.5527959",2243016.300781250000000,6456.019093659301689,"1341149","1052185"
"4","4",Northeastern,446284308.389999985694885,91007.155087000006461,35893.558473007324210,69411195.176428183913231,"41462790","2848","24","510","090200","24510090200","902",Census Tract,G5020,S,"1738449","288605","+39.3341698","-076.5855612",3392883.761718750000000,8130.200003205824942,"2027051","2027051"
"4","4",Northeastern,446284308.389999985694885,91007.155087000006461,35893.558473007324210,69411195.176428183913231,"41462790","2849","24","510","090300","24510090300","903",Census Tract,G5020,S,"793221","0","+39.3312288","-076.6023893",1327569.847656250000000,4957.547054658399247,"793220","469653"
"4","4",Northeastern,446284308.389999985694885,91007.155087000006461,35893.558473007324210,69411195.176428183913231,"41462790","2851","24","510","090500","24510090500","905",Census Tract,G5020,S,"741595","0","+39.3249389","-076.6012005",1240944.078125000000000,6103.361427734132121,"741594","551801"
"4","4",Northeastern,446284308.389999985694885,91007.155087000006461,35893.558473007324210,69411195.176428183913231,"41462790","2852","24","510","090600","24510090600","906",Census Tract,G5020,S,"397270","0","+39.3254965","-076.5902057",664784.902343750000000,3597.428207934406601,"397273","397273"
"4","4",Northeastern,446284308.389999985694885,91007.155087000006461,35893.558473007324210,69411195.176428183913231,"41462790","2853","24","510","090700","24510090700","907",Census Tract,G5020,S,"435082","0","+39.3209223","-076.5956215",727964.230468750000000,3700.577746415764523,"435084","435084"
"4","4",Northeastern,446284308.389999985694885,91007.155087000006461,35893.558473007324210,69411195.176428183913231,"41462790","2875","24","510","260403","24510260403","2604.03",Census Tract,G5020,S,"1706884","0","+39.3148057","-076.5350451",2855396.347656250000000,10292.473965098804911,"1706889","1703117"
"4","4",Northeastern,446284308.389999985694885,91007.155087000006461,35893.558473007324210,69411195.176428183913231,"41462790","2877","24","510","260402","24510260402","2604.02",Census Tract,G5020,S,"1338498","0","+39.3168618","-076.5412760",2239261.031250000000000,7781.031210919932164,"1338500","1338500"
"4","4",Northeastern,446284308.389999985694885,91007.155087000006461,35893.558473007324210,69411195.176428183913231,"41462790","2878","24","510","260404","24510260404","2604.04",Census Tract,G5020,S,"4467107","0","+39.3000662","-076.5528630",7469762.078125000000000,15389.574397184818736,"4467115","39630"
"4","4",Northeastern,446284308.389999985694885,91007.155087000006461,35893.558473007324210,69411195.176428183913231,"41462790","2886","24","510","090800","24510090800","908",Census Tract,G5020,S,"846055","0","+39.3155244","-076.6036910",1415358.015625000232831,4896.196255649272643,"846051","86744"
"4","4",Northeastern,446284308.389999985694885,91007.155087000006461,35893.558473007324210,69411195.176428183913231,"41462790","2928","24","510","270101","24510270101","2701.01",Census Tract,G5020,S,"954113","2251","+39.3327937","-076.5684145",1600697.367187500000000,5697.397565817735995,"956367","956367"
"4","4",Northeastern,446284308.389999985694885,91007.155087000006461,35893.558473007324210,69411195.176428183913231,"41462790","2929","24","510","270102","24510270102","2701.02",Census Tract,G5020,S,"1021027","0","+39.3384113","-076.5597082",1709191.292968750000000,5363.060636622462880,"1021031","1021031"
"4","4",Northeastern,446284308.389999985694885,91007.155087000006461,35893.558473007324210,69411195.176428183913231,"41462790","2930","24","510","270200","24510270200","2702",Census Tract,G5020,S,"938519","0","+39.3406569","-076.5744298",1571171.347656250000000,5565.032019850801589,"938521","938521"
"4","4",Northeastern,446284308.389999985694885,91007.155087000006461,35893.558473007324210,69411195.176428183913231,"41462790","2931","24","510","270301","24510270301","2703.01",Census Tract,G5020,S,"1138525","0","+39.3488223","-076.5722952",1906443.886718750000000,6185.926594559383375,"1138528","1138528"
"4","4",Northeastern,446284308.389999985694885,91007.155087000006461,35893.558473007324210,69411195.176428183913231,"41462790","2933","24","510","270302","24510270302","2703.02",Census Tract,G5020,S,"519259","0","+39.3448975","-076.5638561",869400.531250000000000,4024.232543004342915,"519264","519264"
"4","4",Northeastern,446284308.389999985694885,91007.155087000006461,35893.558473007324210,69411195.176428183913231,"41462790","2951","24","510","270600","24510270600","2706",Census Tract,G5020,S,"1553593","0","+39.3583436","-076.5660281",2602162.066406250000000,6767.284626464549547,"1553591","1553591"
"4","4",Northeastern,446284308.389999985694885,91007.155087000006461,35893.558473007324210,69411195.176428183913231,"41462790","2952","24","510","270401","24510270401","2704.01",Census Tract,G5020,S,"1457277","0","+39.3462013","-076.5467855",2440006.468750000465661,7242.749850223637623,"1457280","1457280"
"4","4",Northeastern,446284308.389999985694885,91007.155087000006461,35893.558473007324210,69411195.176428183913231,"41462790","2953","24","510","270402","24510270402","2704.02",Census Tract,G5020,S,"1201224","0","+39.3512325","-076.5540354",2011565.054687500000000,6021.211869377925723,"1201224","1201224"
"4","4",Northeastern,446284308.389999985694885,91007.155087000006461,35893.558473007324210,69411195.176428183913231,"41462790","2954","24","510","270502","24510270502","2705.02",Census Tract,G5020,S,"1539775","0","+39.3570603","-076.5441945",2578925.117187499534339,7552.130168503864297,"1539774","1539774"
"4","4",Northeastern,446284308.389999985694885,91007.155087000006461,35893.558473007324210,69411195.176428183913231,"41462790","2970","24","510","270702","24510270702","2707.02",Census Tract,G5020,S,"837141","0","+39.3643635","-076.5627410",1402392.398437500000000,7032.579222048591873,"837139","837139"
"4","4",Northeastern,446284308.389999985694885,91007.155087000006461,35893.558473007324210,69411195.176428183913231,"41462790","2971","24","510","270801","24510270801","2708.01",Census Tract,G5020,S,"806701","0","+39.3691930","-076.5912570",1351591.523437500000000,5285.872223186031988,"806704","530590"
"4","4",Northeastern,446284308.389999985694885,91007.155087000006461,35893.558473007324210,69411195.176428183913231,"41462790","2972","24","510","270703","24510270703","2707.03",Census Tract,G5020,S,"993947","0","+39.3686909","-076.5542537",1665289.019531250000000,5557.995303607887763,"993949","975593"
"4","4",Northeastern,446284308.389999985694885,91007.155087000006461,35893.558473007324210,69411195.176428183913231,"41462790","2979","24","510","270802","24510270802","2708.02",Census Tract,G5020,S,"1099564","0","+39.3614244","-076.5928428",1841854.894531250000000,5669.702252425862753,"1099562","735267"
"4","4",Northeastern,446284308.389999985694885,91007.155087000006461,35893.558473007324210,69411195.176428183913231,"41462790","2993","24","510","270803","24510270803","2708.03",Census Tract,G5020,S,"2190787","2110","+39.3642762","-076.5803260",3673420.171875000000000,8642.274157364870916,"2192897","2180741"
"4","4",Northeastern,446284308.389999985694885,91007.155087000006461,35893.558473007324210,69411195.176428183913231,"41462790","2994","24","510","270805","24510270805","2708.05",Census Tract,G5020,S,"1248265","0","+39.3596241","-076.6033509",2090830.632812500000000,6208.970415486094680,"1248261","18627"
"4","4",Northeastern,446284308.389999985694885,91007.155087000006461,35893.558473007324210,69411195.176428183913231,"41462790","2995","24","510","270901","24510270901","2709.01",Census Tract,G5020,S,"677441","0","+39.3499700","-076.5949830",1134401.835937500000000,4598.628079100615651,"677443","675703"
"4","4",Northeastern,446284308.389999985694885,91007.155087000006461,35893.558473007324210,69411195.176428183913231,"41462790","2996","24","510","270902","24510270902","2709.02",Census Tract,G5020,S,"1132898","0","+39.3509521","-076.5843196",1897129.792968750000000,6794.315476838384711,"1132897","1132897"
"4","4",Northeastern,446284308.389999985694885,91007.155087000006461,35893.558473007324210,69411195.176428183913231,"41462790","3017","24","510","270903","24510270903","2709.03",Census Tract,G5020,S,"1089334","0","+39.3426876","-076.5900973",1823745.597656250000000,7023.648925333954139,"1089330","1088556"
"4","4",Northeastern,446284308.389999985694885,91007.155087000006461,35893.558473007324210,69411195.176428183913231,"41462790","3018","24","510","271001","24510271001","2710.01",Census Tract,G5020,S,"505077","0","+39.3430254","-076.6050586",845605.980468750000000,3937.840354461000061,"505079","21"
"5","5",Northern,376848766.523000001907349,92065.260674399993150,36305.206288070839946,58622522.991994597017765,"35011701","1730","24","510","120202","24510120202","1202.02",Census Tract,G5020,S,"981794","0","+39.3286922","-076.6194426",1643055.628906250000000,5767.470346952051841,"981793","981793"
"5","5",Northern,376848766.523000001907349,92065.260674399993150,36305.206288070839946,58622522.991994597017765,"35011701","1732","24","510","120201","24510120201","1202.01",Census Tract,G5020,S,"348020","0","+39.3279849","-076.6118803",582410.320312500000000,3716.614028044546103,"348021","348021"
"5","5",Northern,376848766.523000001907349,92065.260674399993150,36305.206288070839946,58622522.991994597017765,"35011701","2153","24","510","130806","24510130806","1308.06",Census Tract,G5020,S,"1406474","707","+39.3346113","-076.6503321",2355472.375000000000000,7841.028326897698207,"1407181","1406603"
"5","5",Northern,376848766.523000001907349,92065.260674399993150,36305.206288070839946,58622522.991994597017765,"35011701","2159","24","510","150500","24510150500","1505",Census Tract,G5020,S,"960450","9673","+39.3222425","-076.6601005",1623158.906250000000000,5477.268715986999268,"970120","35"
"5","5",Northern,376848766.523000001907349,92065.260674399993150,36305.206288070839946,58622522.991994597017765,"35011701","2168","24","510","271900","24510271900","2719",Census Tract,G5020,S,"1398986","0","+39.3556338","-076.6821514",2343037.382812500000000,7669.079853988061586,"1398991","431113"
"5","5",Northern,376848766.523000001907349,92065.260674399993150,36305.206288070839946,58622522.991994597017765,"35011701","2180","24","510","272003","24510272003","2720.03",Census Tract,G5020,S,"1934714","0","+39.3633286","-076.6854724",3240975.003906250000000,8964.179819468199639,"1934713","198"
"5","5",Northern,376848766.523000001907349,92065.260674399993150,36305.206288070839946,58622522.991994597017765,"35011701","2223","24","510","090100","24510090100","901",Census Tract,G5020,S,"657875","0","+39.3369651","-076.6036954",1101222.957031250000000,4745.532790982840197,"657872","342466"
"5","5",Northern,376848766.523000001907349,92065.260674399993150,36305.206288070839946,58622522.991994597017765,"35011701","2541","24","510","130200","24510130200","1302",Census Tract,G5020,S,"352623","0","+39.3123177","-076.6305781",589849.933593750000000,3664.227759596151373,"352623","36"
"5","5",Northern,376848766.523000001907349,92065.260674399993150,36305.206288070839946,58622522.991994597017765,"35011701","2542","24","510","130400","24510130400","1304",Census Tract,G5020,S,"2599677","203955","+39.3225962","-076.6448717",4691109.062500000000000,9336.451092898512798,"2803633","2467125"
"5","5",Northern,376848766.523000001907349,92065.260674399993150,36305.206288070839946,58622522.991994597017765,"35011701","2543","24","510","130600","24510130600","1306",Census Tract,G5020,S,"872125","3815","+39.3264635","-076.6304217",1465822.246093750000000,5720.525085187495279,"875943","875943"
"5","5",Northern,376848766.523000001907349,92065.260674399993150,36305.206288070839946,58622522.991994597017765,"35011701","2544","24","510","130700","24510130700","1307",Census Tract,G5020,S,"1063583","0","+39.3367186","-076.6317033",1780340.191406250000000,6242.677336469687361,"1063584","1063584"
"5","5",Northern,376848766.523000001907349,92065.260674399993150,36305.206288070839946,58622522.991994597017765,"35011701","2545","24","510","130803","24510130803","1308.03",Census Tract,G5020,S,"693566","0","+39.3402502","-076.6433643",1161082.644531250000000,4273.912713420381806,"693567","693567"
"5","5",Northern,376848766.523000001907349,92065.260674399993150,36305.206288070839946,58622522.991994597017765,"35011701","2546","24","510","130804","24510130804","1308.04",Census Tract,G5020,S,"737978","0","+39.3312836","-076.6384027",1235119.667968750232831,4879.921696747627720,"737981","737981"
"5","5",Northern,376848766.523000001907349,92065.260674399993150,36305.206288070839946,58622522.991994597017765,"35011701","2547","24","510","130805","24510130805","1308.05",Census Tract,G5020,S,"1632325","6396","+39.3521339","-076.6522287",2744136.125000000000000,7294.308404466237334,"1638721","1638721"
"5","5",Northern,376848766.523000001907349,92065.260674399993150,36305.206288070839946,58622522.991994597017765,"35011701","2555","24","510","120400","24510120400","1204",Census Tract,G5020,S,"281025","0","+39.3138354","-076.6123840",470107.484375000000000,2766.362515425598758,"281027","101594"
"5","5",Northern,376848766.523000001907349,92065.260674399993150,36305.206288070839946,58622522.991994597017765,"35011701","2849","24","510","090300","24510090300","903",Census Tract,G5020,S,"793221","0","+39.3312288","-076.6023893",1327569.847656250000000,4957.547054658399247,"793220","323567"
"5","5",Northern,376848766.523000001907349,92065.260674399993150,36305.206288070839946,58622522.991994597017765,"35011701","2850","24","510","090400","24510090400","904",Census Tract,G5020,S,"352240","0","+39.3227817","-076.6064912",589380.730468750000000,3158.001268769166018,"352238","352238"
"5","5",Northern,376848766.523000001907349,92065.260674399993150,36305.206288070839946,58622522.991994597017765,"35011701","2851","24","510","090500","24510090500","905",Census Tract,G5020,S,"741595","0","+39.3249389","-076.6012005",1240944.078125000000000,6103.361427734132121,"741594","189793"
"5","5",Northern,376848766.523000001907349,92065.260674399993150,36305.206288070839946,58622522.991994597017765,"35011701","2886","24","510","090800","24510090800","908",Census Tract,G5020,S,"846055","0","+39.3155244","-076.6036910",1415358.015625000232831,4896.196255649272643,"846051","40646"
"5","5",Northern,376848766.523000001907349,92065.260674399993150,36305.206288070839946,58622522.991994597017765,"35011701","2897","24","510","120100","24510120100","1201",Census Tract,G5020,S,"1036127","0","+39.3365253","-076.6165092",1734368.250000000000000,6378.516660314553519,"1036126","1036126"
"5","5",Northern,376848766.523000001907349,92065.260674399993150,36305.206288070839946,58622522.991994597017765,"35011701","2898","24","510","120300","24510120300","1203",Census Tract,G5020,S,"403945","0","+39.3199472","-076.6124858",675842.546875000000000,3415.458602408161823,"403944","350468"
"5","5",Northern,376848766.523000001907349,92065.260674399993150,36305.206288070839946,58622522.991994597017765,"35011701","2899","24","510","120500","24510120500","1205",Census Tract,G5020,S,"534553","0","+39.3085848","-076.6140036",894072.757812500000000,4504.742700313904606,"534550","50"
"5","5",Northern,376848766.523000001907349,92065.260674399993150,36305.206288070839946,58622522.991994597017765,"35011701","2900","24","510","120600","24510120600","1206",Census Tract,G5020,S,"504967","0","+39.3170880","-076.6175228",844798.218750000000000,4498.876193964979393,"504968","455702"
"5","5",Northern,376848766.523000001907349,92065.260674399993150,36305.206288070839946,58622522.991994597017765,"35011701","2955","24","510","151200","24510151200","1512",Census Tract,G5020,S,"779694","0","+39.3310485","-076.6598579",1304927.464843750000000,4687.958860610747251,"779696","132901"
"5","5",Northern,376848766.523000001907349,92065.260674399993150,36305.206288070839946,58622522.991994597017765,"35011701","2956","24","510","151300","24510151300","1513",Census Tract,G5020,S,"927386","0","+39.3378526","-076.6661876",1552405.101562500000000,6120.024406787033513,"927385","327973"
"5","5",Northern,376848766.523000001907349,92065.260674399993150,36305.206288070839946,58622522.991994597017765,"35011701","2971","24","510","270801","24510270801","2708.01",Census Tract,G5020,S,"806701","0","+39.3691930","-076.5912570",1351591.523437500000000,5285.872223186031988,"806704","273097"
"5","5",Northern,376848766.523000001907349,92065.260674399993150,36305.206288070839946,58622522.991994597017765,"35011701","2979","24","510","270802","24510270802","2708.02",Census Tract,G5020,S,"1099564","0","+39.3614244","-076.5928428",1841854.894531250000000,5669.702252425862753,"1099562","364295"
"5","5",Northern,376848766.523000001907349,92065.260674399993150,36305.206288070839946,58622522.991994597017765,"35011701","2980","24","510","271400","24510271400","2714",Census Tract,G5020,S,"1717441","0","+39.3468547","-076.6336391",2875666.953125000000000,8159.246554665662188,"1717444","1717444"
"5","5",Northern,376848766.523000001907349,92065.260674399993150,36305.206288070839946,58622522.991994597017765,"35011701","2981","24","510","271501","24510271501","2715.01",Census Tract,G5020,S,"3628340","18282","+39.3642233","-076.6614760",6108998.847656250000000,10514.633519908835297,"3646623","3078217"
"5","5",Northern,376848766.523000001907349,92065.260674399993150,36305.206288070839946,58622522.991994597017765,"35011701","2982","24","510","120700","24510120700","1207",Census Tract,G5020,S,"1034427","9367","+39.3184095","-076.6235290",1746296.546875000000000,5836.100918364536483,"1043797","1022355"
"5","5",Northern,376848766.523000001907349,92065.260674399993150,36305.206288070839946,58622522.991994597017765,"35011701","2983","24","510","130100","24510130100","1301",Census Tract,G5020,S,"311272","0","+39.3152603","-076.6342242",520718.472656250000000,3496.616175163726439,"311269","15094"
"5","5",Northern,376848766.523000001907349,92065.260674399993150,36305.206288070839946,58622522.991994597017765,"35011701","2994","24","510","270805","24510270805","2708.05",Census Tract,G5020,S,"1248265","0","+39.3596241","-076.6033509",2090830.632812500000000,6208.970415486094680,"1248261","1229634"
"5","5",Northern,376848766.523000001907349,92065.260674399993150,36305.206288070839946,58622522.991994597017765,"35011701","2995","24","510","270901","24510270901","2709.01",Census Tract,G5020,S,"677441","0","+39.3499700","-076.5949830",1134401.835937500000000,4598.628079100615651,"677443","1740"
"5","5",Northern,376848766.523000001907349,92065.260674399993150,36305.206288070839946,58622522.991994597017765,"35011701","2997","24","510","270804","24510270804","2708.04",Census Tract,G5020,S,"721489","0","+39.3686599","-076.6045879",1208795.597656250232831,4740.395496569499301,"721486","714755"
"5","5",Northern,376848766.523000001907349,92065.260674399993150,36305.206288070839946,58622522.991994597017765,"35011701","2998","24","510","271503","24510271503","2715.03",Census Tract,G5020,S,"742763","1671","+39.3534054","-076.6448877",1246682.156250000000000,6355.892575977036358,"744433","744433"
"5","5",Northern,376848766.523000001907349,92065.260674399993150,36305.206288070839946,58622522.991994597017765,"35011701","3017","24","510","270903","24510270903","2709.03",Census Tract,G5020,S,"1089334","0","+39.3426876","-076.5900973",1823745.597656250000000,7023.648925333954139,"1089330","774"
"5","5",Northern,376848766.523000001907349,92065.260674399993150,36305.206288070839946,58622522.991994597017765,"35011701","3018","24","510","271001","24510271001","2710.01",Census Tract,G5020,S,"505077","0","+39.3430254","-076.6050586",845605.980468750000000,3937.840354461000061,"505079","505058"
"5","5",Northern,376848766.523000001907349,92065.260674399993150,36305.206288070839946,58622522.991994597017765,"35011701","3019","24","510","271002","24510271002","2710.02",Census Tract,G5020,S,"955654","0","+39.3504128","-076.6043920",1600298.445312500000000,5085.015751857085888,"955655","955655"
"5","5",Northern,376848766.523000001907349,92065.260674399993150,36305.206288070839946,58622522.991994597017765,"35011701","3020","24","510","271101","24510271101","2711.01",Census Tract,G5020,S,"1011783","0","+39.3498089","-076.6163060",1694255.074218750000000,5246.900570570751370,"1011781","1011781"
"5","5",Northern,376848766.523000001907349,92065.260674399993150,36305.206288070839946,58622522.991994597017765,"35011701","3021","24","510","271102","24510271102","2711.02",Census Tract,G5020,S,"1227625","29218","+39.3451675","-076.6202330",2104337.796875000000000,8250.121576101444589,"1256844","1256844"
"5","5",Northern,376848766.523000001907349,92065.260674399993150,36305.206288070839946,58622522.991994597017765,"35011701","3022","24","510","271200","24510271200","2712",Census Tract,G5020,S,"3599462","933","+39.3637054","-076.6203629",6031257.882812500000000,11050.814336885408920,"3600401","3591708"
"5","5",Northern,376848766.523000001907349,92065.260674399993150,36305.206288070839946,58622522.991994597017765,"35011701","3030","24","510","271300","24510271300","2713",Census Tract,G5020,S,"2861713","3175","+39.3628280","-076.6395253",4799126.218750000000000,9786.245674070718451,"2864893","2856679"
"5","5",Northern,376848766.523000001907349,92065.260674399993150,36305.206288070839946,58622522.991994597017765,"35011701","3037","24","510","271600","24510271600","2716",Census Tract,G5020,S,"850296","0","+39.3432051","-076.6655877",1423583.929687500232831,4932.148570367235152,"850300","514858"
"5","5",Northern,376848766.523000001907349,92065.260674399993150,36305.206288070839946,58622522.991994597017765,"35011701","3038","24","510","271700","24510271700","2717",Census Tract,G5020,S,"1734101","0","+39.3515530","-076.6693332",2903947.054687500000000,7328.710178573745907,"1734102","838985"
"6","6",Northwestern,270879408.244000017642975,85532.440417299992987,33735.111659983871505,42131904.310916893184185,"25166495","1731","24","510","272005","24510272005","2720.05",Census Tract,G5020,S,"927829","0","+39.3686872","-076.7010065",1554506.531250000000000,5638.193682566781717,"927829","917756"
"6","6",Northwestern,270879408.244000017642975,85532.440417299992987,33735.111659983871505,42131904.310916893184185,"25166495","1733","24","510","272004","24510272004","2720.04",Census Tract,G5020,S,"708925","0","+39.3686120","-076.6890444",1187746.347656250232831,5346.020769019022737,"708923","703047"
"6","6",Northwestern,270879408.244000017642975,85532.440417299992987,33735.111659983871505,42131904.310916893184185,"25166495","1737","24","510","272006","24510272006","2720.06",Census Tract,G5020,S,"736776","0","+39.3566463","-076.6965328",1233990.152343750000000,4932.715762102555345,"736775","736775"
"6","6",Northwestern,270879408.244000017642975,85532.440417299992987,33735.111659983871505,42131904.310916893184185,"25166495","2153","24","510","130806","24510130806","1308.06",Census Tract,G5020,S,"1406474","707","+39.3346113","-076.6503321",2355472.375000000000000,7841.028326897698207,"1407181","578"
"6","6",Northwestern,270879408.244000017642975,85532.440417299992987,33735.111659983871505,42131904.310916893184185,"25166495","2158","24","510","150400","24510150400","1504",Census Tract,G5020,S,"815573","0","+39.3124588","-076.6527287",1364258.773437500000000,5212.049098716021945,"815576","75"
"6","6",Northwestern,270879408.244000017642975,85532.440417299992987,33735.111659983871505,42131904.310916893184185,"25166495","2159","24","510","150500","24510150500","1505",Census Tract,G5020,S,"960450","9673","+39.3222425","-076.6601005",1623158.906250000000000,5477.268715986999268,"970120","754037"
"6","6",Northwestern,270879408.244000017642975,85532.440417299992987,33735.111659983871505,42131904.310916893184185,"25166495","2160","24","510","150600","24510150600","1506",Census Tract,G5020,S,"959035","0","+39.3090802","-076.6687936",1604075.871093750000000,7242.233326741064957,"959035","191"
"6","6",Northwestern,270879408.244000017642975,85532.440417299992987,33735.111659983871505,42131904.310916893184185,"25166495","2161","24","510","150701","24510150701","1507.01",Census Tract,G5020,S,"858013","117437","+39.3193301","-076.6678344",1631967.824218750000000,5356.249714179836701,"975454","975434"
"6","6",Northwestern,270879408.244000017642975,85532.440417299992987,33735.111659983871505,42131904.310916893184185,"25166495","2162","24","510","150702","24510150702","1507.02",Census Tract,G5020,S,"391519","0","+39.3128159","-076.6678751",654920.500000000000000,3781.126872748268397,"391518","1631"
"6","6",Northwestern,270879408.244000017642975,85532.440417299992987,33735.111659983871505,42131904.310916893184185,"25166495","2164","24","510","271802","24510271802","2718.02",Census Tract,G5020,S,"530270","0","+39.3446843","-076.6770690",887822.398437500000000,3846.705342440685399,"530270","530270"
"6","6",Northwestern,270879408.244000017642975,85532.440417299992987,33735.111659983871505,42131904.310916893184185,"25166495","2168","24","510","271900","24510271900","2719",Census Tract,G5020,S,"1398986","0","+39.3556338","-076.6821514",2343037.382812500000000,7669.079853988061586,"1398991","967878"
"6","6",Northwestern,270879408.244000017642975,85532.440417299992987,33735.111659983871505,42131904.310916893184185,"25166495","2169","24","510","151000","24510151000","1510",Census Tract,G5020,S,"1484009","0","+39.3333561","-076.6843834",2483854.035156250000000,7469.911831558389167,"1484009","1484009"
"6","6",Northwestern,270879408.244000017642975,85532.440417299992987,33735.111659983871505,42131904.310916893184185,"25166495","2170","24","510","151100","24510151100","1511",Census Tract,G5020,S,"1698800","0","+39.3303769","-076.6723437",2843120.824218750000000,7175.492465299083051,"1698801","1698801"
"6","6",Northwestern,270879408.244000017642975,85532.440417299992987,33735.111659983871505,42131904.310916893184185,"25166495","2171","24","510","150800","24510150800","1508",Census Tract,G5020,S,"1089496","0","+39.3189672","-076.6778103",1822786.109375000000000,6579.214865068899599,"1089490","892949"
"6","6",Northwestern,270879408.244000017642975,85532.440417299992987,33735.111659983871505,42131904.310916893184185,"25166495","2180","24","510","272003","24510272003","2720.03",Census Tract,G5020,S,"1934714","0","+39.3633286","-076.6854724",3240975.003906250000000,8964.179819468199639,"1934713","1927333"
"6","6",Northwestern,270879408.244000017642975,85532.440417299992987,33735.111659983871505,42131904.310916893184185,"25166495","2181","24","510","280101","24510280101","2801.01",Census Tract,G5020,S,"1408316","0","+39.3516279","-076.6998407",2358390.300781250000000,11742.824501673923805,"1408318","1403922"
"6","6",Northwestern,270879408.244000017642975,85532.440417299992987,33735.111659983871505,42131904.310916893184185,"25166495","2182","24","510","280102","24510280102","2801.02",Census Tract,G5020,S,"3498689","0","+39.3411885","-076.7000831",5857219.250000000000000,11112.484593692863200,"3498689","3497536"
"6","6",Northwestern,270879408.244000017642975,85532.440417299992987,33735.111659983871505,42131904.310916893184185,"25166495","2183","24","510","280200","24510280200","2802",Census Tract,G5020,S,"2413240","0","+39.3274111","-076.7016139",4038460.976562500000000,8589.199607560272852,"2413234","2386453"
"6","6",Northwestern,270879408.244000017642975,85532.440417299992987,33735.111659983871505,42131904.310916893184185,"25166495","2185","24","510","280302","24510280302","2803.02",Census Tract,G5020,S,"1006761","0","+39.3179241","-076.6935132",1684326.734375000000000,7004.252915672883319,"1006762","938178"
"6","6",Northwestern,270879408.244000017642975,85532.440417299992987,33735.111659983871505,42131904.310916893184185,"25166495","2539","24","510","280301","24510280301","2803.01",Census Tract,G5020,S,"3160921","20250","+39.3106632","-076.7022121",5320987.839843750000000,11912.575516145097936,"3181172","195068"
"6","6",Northwestern,270879408.244000017642975,85532.440417299992987,33735.111659983871505,42131904.310916893184185,"25166495","2542","24","510","130400","24510130400","1304",Census Tract,G5020,S,"2599677","203955","+39.3225962","-076.6448717",4691109.062500000000000,9336.451092898512798,"2803633","60174"
"6","6",Northwestern,270879408.244000017642975,85532.440417299992987,33735.111659983871505,42131904.310916893184185,"25166495","2559","24","510","271801","24510271801","2718.01",Census Tract,G5020,S,"557962","0","+39.3477502","-076.6834693",934264.988281250000000,4097.689745017431960,"557960","557960"
"6","6",Northwestern,270879408.244000017642975,85532.440417299992987,33735.111659983871505,42131904.310916893184185,"25166495","2560","24","510","150900","24510150900","1509",Census Tract,G5020,S,"1464150","1171","+39.3142207","-076.6842999",2451225.308593749534339,10770.813626365921664,"1465321","703694"
"6","6",Northwestern,270879408.244000017642975,85532.440417299992987,33735.111659983871505,42131904.310916893184185,"25166495","2617","24","510","272007","24510272007","2720.07",Census Tract,G5020,S,"802298","0","+39.3636968","-076.7064881",1344004.093750000000000,5771.133446757513411,"802300","794742"
"6","6",Northwestern,270879408.244000017642975,85532.440417299992987,33735.111659983871505,42131904.310916893184185,"25166495","2955","24","510","151200","24510151200","1512",Census Tract,G5020,S,"779694","0","+39.3310485","-076.6598579",1304927.464843750000000,4687.958860610747251,"779696","646794"
"6","6",Northwestern,270879408.244000017642975,85532.440417299992987,33735.111659983871505,42131904.310916893184185,"25166495","2956","24","510","151300","24510151300","1513",Census Tract,G5020,S,"927386","0","+39.3378526","-076.6661876",1552405.101562500000000,6120.024406787033513,"927385","599412"
"6","6",Northwestern,270879408.244000017642975,85532.440417299992987,33735.111659983871505,42131904.310916893184185,"25166495","2981","24","510","271501","24510271501","2715.01",Census Tract,G5020,S,"3628340","18282","+39.3642233","-076.6614760",6108998.847656250000000,10514.633519908835297,"3646623","547581"
"6","6",Northwestern,270879408.244000017642975,85532.440417299992987,33735.111659983871505,42131904.310916893184185,"25166495","3037","24","510","271600","24510271600","2716",Census Tract,G5020,S,"850296","0","+39.3432051","-076.6655877",1423583.929687500232831,4932.148570367235152,"850300","335442"
"6","6",Northwestern,270879408.244000017642975,85532.440417299992987,33735.111659983871505,42131904.310916893184185,"25166495","3038","24","510","271700","24510271700","2717",Census Tract,G5020,S,"1734101","0","+39.3515530","-076.6693332",2903947.054687500000000,7328.710178573745907,"1734102","895117"
"7","7",Western,78373088.543899998068810,48652.549026399996364,19172.962434568926255,12176548.506142234429717,"7281458","2149","24","510","160500","24510160500","1605",Census Tract,G5020,S,"1048118","0","+39.2994113","-076.6555090",1752594.617187500000000,6013.697589980962221,"1048117","1045482"
"7","7",Western,78373088.543899998068810,48652.549026399996364,19172.962434568926255,12176548.506142234429717,"7281458","2154","24","510","140200","24510140200","1402",Census Tract,G5020,S,"395229","0","+39.3037530","-076.6321873",660956.875000000000000,3403.971467223123909,"395228","376"
"7","7",Western,78373088.543899998068810,48652.549026399996364,19172.962434568926255,12176548.506142234429717,"7281458","2155","24","510","140300","24510140300","1403",Census Tract,G5020,S,"389282","0","+39.3078099","-076.6361904",651086.105468750000000,3565.679745235034261,"389281","1338"
"7","7",Western,78373088.543899998068810,48652.549026399996364,19172.962434568926255,12176548.506142234429717,"7281458","2156","24","510","150200","24510150200","1502",Census Tract,G5020,S,"420327","0","+39.3063661","-076.6480486",702981.710937500000000,3597.046749990754506,"420327","420327"
"7","7",Western,78373088.543899998068810,48652.549026399996364,19172.962434568926255,12176548.506142234429717,"7281458","2157","24","510","150300","24510150300","1503",Census Tract,G5020,S,"399171","0","+39.3070301","-076.6550670",667612.953125000000000,3361.188507084581943,"399171","399171"
"7","7",Western,78373088.543899998068810,48652.549026399996364,19172.962434568926255,12176548.506142234429717,"7281458","2158","24","510","150400","24510150400","1504",Census Tract,G5020,S,"815573","0","+39.3124588","-076.6527287",1364258.773437500000000,5212.049098716021945,"815576","815501"
"7","7",Western,78373088.543899998068810,48652.549026399996364,19172.962434568926255,12176548.506142234429717,"7281458","2159","24","510","150500","24510150500","1505",Census Tract,G5020,S,"960450","9673","+39.3222425","-076.6601005",1623158.906250000000000,5477.268715986999268,"970120","216048"
"7","7",Western,78373088.543899998068810,48652.549026399996364,19172.962434568926255,12176548.506142234429717,"7281458","2160","24","510","150600","24510150600","1506",Census Tract,G5020,S,"959035","0","+39.3090802","-076.6687936",1604075.871093750000000,7242.233326741064957,"959035","197850"
"7","7",Western,78373088.543899998068810,48652.549026399996364,19172.962434568926255,12176548.506142234429717,"7281458","2161","24","510","150701","24510150701","1507.01",Census Tract,G5020,S,"858013","117437","+39.3193301","-076.6678344",1631967.824218750000000,5356.249714179836701,"975454","21"
"7","7",Western,78373088.543899998068810,48652.549026399996364,19172.962434568926255,12176548.506142234429717,"7281458","2162","24","510","150702","24510150702","1507.02",Census Tract,G5020,S,"391519","0","+39.3128159","-076.6678751",654920.500000000000000,3781.126872748268397,"391518","138248"
"7","7",Western,78373088.543899998068810,48652.549026399996364,19172.962434568926255,12176548.506142234429717,"7281458","2163","24","510","160600","24510160600","1606",Census Tract,G5020,S,"556403","0","+39.2967497","-076.6640074",930307.308593750000000,4157.503139320903756,"556401","341400"
"7","7",Western,78373088.543899998068810,48652.549026399996364,19172.962434568926255,12176548.506142234429717,"7281458","2193","24","510","040200","24510040200","402",Census Tract,G5020,S,"435698","0","+39.2903223","-076.6250565",728358.691406250000000,3648.080597299983310,"435698","8286"
"7","7",Western,78373088.543899998068810,48652.549026399996364,19172.962434568926255,12176548.506142234429717,"7281458","2535","24","510","160200","24510160200","1602",Census Tract,G5020,S,"374068","0","+39.2987150","-076.6408488",625478.718750000000000,3602.398214584253310,"374067","374067"
"7","7",Western,78373088.543899998068810,48652.549026399996364,19172.962434568926255,12176548.506142234429717,"7281458","2537","24","510","130300","24510130300","1303",Census Tract,G5020,S,"359731","0","+39.3123572","-076.6406686",601740.105468749883585,3745.663961748161910,"359731","257104"
"7","7",Western,78373088.543899998068810,48652.549026399996364,19172.962434568926255,12176548.506142234429717,"7281458","2540","24","510","160100","24510160100","1601",Census Tract,G5020,S,"382639","0","+39.2980892","-076.6363266",639795.769531250000000,3690.973261556858233,"382636","382400"
"7","7",Western,78373088.543899998068810,48652.549026399996364,19172.962434568926255,12176548.506142234429717,"7281458","2542","24","510","130400","24510130400","1304",Census Tract,G5020,S,"2599677","203955","+39.3225962","-076.6448717",4691109.062500000000000,9336.451092898512798,"2803633","256217"
"7","7",Western,78373088.543899998068810,48652.549026399996364,19172.962434568926255,12176548.506142234429717,"7281458","2553","24","510","150100","24510150100","1501",Census Tract,G5020,S,"369345","0","+39.3061672","-076.6417556",617717.355468750116415,3297.682910299235118,"369347","368742"
"7","7",Western,78373088.543899998068810,48652.549026399996364,19172.962434568926255,12176548.506142234429717,"7281458","2564","24","510","160300","24510160300","1603",Census Tract,G5020,S,"255075","0","+39.2985728","-076.6444023",426508.500000000000000,3291.157926743489952,"255074","255074"
"7","7",Western,78373088.543899998068810,48652.549026399996364,19172.962434568926255,12176548.506142234429717,"7281458","2901","24","510","280600","24510280600","2806",Census Tract,G5020,S,"576317","0","+39.2916116","-076.6329627",963469.816406250000000,3987.707207125955392,"576319","441988"
"7","7",Western,78373088.543899998068810,48652.549026399996364,19172.962434568926255,12176548.506142234429717,"7281458","2957","24","510","160400","24510160400","1604",Census Tract,G5020,S,"389583","0","+39.2980135","-076.6481402",651406.605468750000000,3674.633283782146464,"389581","389581"
"7","7",Western,78373088.543899998068810,48652.549026399996364,19172.962434568926255,12176548.506142234429717,"7281458","2967","24","510","160700","24510160700","1607",Census Tract,G5020,S,"953875","14242","+39.3020563","-076.6686304",1618958.320312500000000,6321.499838808280401,"968116","327"
"7","7",Western,78373088.543899998068810,48652.549026399996364,19172.962434568926255,12176548.506142234429717,"7281458","2986","24","510","170300","24510170300","1703",Census Tract,G5020,S,"305829","0","+39.2974131","-076.6305876",511359.457031250000000,2872.396918455189279,"305829","398"
"7","7",Western,78373088.543899998068810,48652.549026399996364,19172.962434568926255,12176548.506142234429717,"7281458","2987","24","510","190200","24510190200","1902",Census Tract,G5020,S,"266105","0","+39.2851695","-076.6401802",444782.707031250000000,2888.563602849616473,"266104","18747"
"7","7",Western,78373088.543899998068810,48652.549026399996364,19172.962434568926255,12176548.506142234429717,"7281458","2988","24","510","190300","24510190300","1903",Census Tract,G5020,S,"352929","0","+39.2842170","-076.6444910",589883.906250000000000,3370.335141311982170,"352925","21159"
"7","7",Western,78373088.543899998068810,48652.549026399996364,19172.962434568926255,12176548.506142234429717,"7281458","2989","24","510","200100","24510200100","2001",Census Tract,G5020,S,"264900","0","+39.2909656","-076.6478189",442840.906250000000000,2717.450194973817815,"264899","264836"
"7","7",Western,78373088.543899998068810,48652.549026399996364,19172.962434568926255,12176548.506142234429717,"7281458","2990","24","510","200200","24510200200","2002",Census Tract,G5020,S,"926853","0","+39.2908711","-076.6588488",1549454.453125000000000,5811.287301999873307,"926856","281194"
"7","7",Western,78373088.543899998068810,48652.549026399996364,19172.962434568926255,12176548.506142234429717,"7281458","2991","24","510","200300","24510200300","2003",Census Tract,G5020,S,"244150","0","+39.2839924","-076.6481864",408068.863281250000000,3108.058163923371467,"244147","251"
"7","7",Western,78373088.543899998068810,48652.549026399996364,19172.962434568926255,12176548.506142234429717,"7281458","2992","24","510","200400","24510200400","2004",Census Tract,G5020,S,"387906","0","+39.2856222","-076.6558429",648377.511718750000000,4139.886155826421600,"387906","1224"
"7","7",Western,78373088.543899998068810,48652.549026399996364,19172.962434568926255,12176548.506142234429717,"7281458","3011","24","510","180300","24510180300","1803",Census Tract,G5020,S,"289563","0","+39.2873082","-076.6329977",484019.023437500000000,3186.054221045049871,"289561","973"
"7","7",Western,78373088.543899998068810,48652.549026399996364,19172.962434568926255,12176548.506142234429717,"7281458","3012","24","510","190100","24510190100","1901",Census Tract,G5020,S,"383127","0","+39.2912223","-076.6418544",640494.843750000000000,3199.199437324823975,"383129","383129"
"8","8",Southwestern,285508051.689000010490417,85655.827484499997809,33755.744871688373678,44340793.300465837121010,"26525971","2134","24","510","280402","24510280402","2804.02",Census Tract,G5020,S,"561712","0","+39.2992263","-076.6903724",939257.589843750000000,4967.575789151866047,"561714","561714"
"8","8",Southwestern,285508051.689000010490417,85655.827484499997809,33755.744871688373678,44340793.300465837121010,"26525971","2149","24","510","160500","24510160500","1605",Census Tract,G5020,S,"1048118","0","+39.2994113","-076.6555090",1752594.617187500000000,6013.697589980962221,"1048117","2636"
"8","8",Southwestern,285508051.689000010490417,85655.827484499997809,33755.744871688373678,44340793.300465837121010,"26525971","2160","24","510","150600","24510150600","1506",Census Tract,G5020,S,"959035","0","+39.3090802","-076.6687936",1604075.871093750000000,7242.233326741064957,"959035","760995"
"8","8",Southwestern,285508051.689000010490417,85655.827484499997809,33755.744871688373678,44340793.300465837121010,"26525971","2162","24","510","150702","24510150702","1507.02",Census Tract,G5020,S,"391519","0","+39.3128159","-076.6678751",654920.500000000000000,3781.126872748268397,"391518","251639"
"8","8",Southwestern,285508051.689000010490417,85655.827484499997809,33755.744871688373678,44340793.300465837121010,"26525971","2163","24","510","160600","24510160600","1606",Census Tract,G5020,S,"556403","0","+39.2967497","-076.6640074",930307.308593750000000,4157.503139320903756,"556401","215000"
"8","8",Southwestern,285508051.689000010490417,85655.827484499997809,33755.744871688373678,44340793.300465837121010,"26525971","2171","24","510","150800","24510150800","1508",Census Tract,G5020,S,"1089496","0","+39.3189672","-076.6778103",1822786.109375000000000,6579.214865068899599,"1089490","196541"
"8","8",Southwestern,285508051.689000010490417,85655.827484499997809,33755.744871688373678,44340793.300465837121010,"26525971","2172","24","510","250206","24510250206","2502.06",Census Tract,G5020,S,"2549600","18103","+39.2660587","-076.6622617",4289578.687500000000000,9525.402669847093421,"2567704","2562651"
"8","8",Southwestern,285508051.689000010490417,85655.827484499997809,33755.744871688373678,44340793.300465837121010,"26525971","2176","24","510","250301","24510250301","2503.01",Census Tract,G5020,S,"1891899","311271","+39.2623356","-076.6349462",3680162.183593750000000,10093.190203272772123,"2203171","34"
"8","8",Southwestern,285508051.689000010490417,85655.827484499997809,33755.744871688373678,44340793.300465837121010,"26525971","2177","24","510","250303","24510250303","2503.03",Census Tract,G5020,S,"1004607","30795","+39.2682540","-076.6482592",1729763.316406250000000,5782.327563891361024,"1035406","702595"
"8","8",Southwestern,285508051.689000010490417,85655.827484499997809,33755.744871688373678,44340793.300465837121010,"26525971","2185","24","510","280302","24510280302","2803.02",Census Tract,G5020,S,"1006761","0","+39.3179241","-076.6935132",1684326.734375000000000,7004.252915672883319,"1006762","68584"
"8","8",Southwestern,285508051.689000010490417,85655.827484499997809,33755.744871688373678,44340793.300465837121010,"26525971","2206","24","510","280401","24510280401","2804.01",Census Tract,G5020,S,"1645634","0","+39.2970477","-076.7022192",2751534.941406250000000,8400.836885701097344,"1645631","1641549"
"8","8",Southwestern,285508051.689000010490417,85655.827484499997809,33755.744871688373678,44340793.300465837121010,"26525971","2207","24","510","280403","24510280403","2804.03",Census Tract,G5020,S,"1831350","0","+39.2859905","-076.7033384",3061097.082031250000000,7506.263292109990289,"1831347","1828938"
"8","8",Southwestern,285508051.689000010490417,85655.827484499997809,33755.744871688373678,44340793.300465837121010,"26525971","2208","24","510","280404","24510280404","2804.04",Census Tract,G5020,S,"848958","0","+39.2878046","-076.6917566",1419108.078125000000000,5369.738751839521683,"848959","848959"
"8","8",Southwestern,285508051.689000010490417,85655.827484499997809,33755.744871688373678,44340793.300465837121010,"26525971","2523","24","510","250101","24510250101","2501.01",Census Tract,G5020,S,"962784","0","+39.2771141","-076.7003721",1608894.273437500000000,5853.112158561095384,"962787","962787"
"8","8",Southwestern,285508051.689000010490417,85655.827484499997809,33755.744871688373678,44340793.300465837121010,"26525971","2524","24","510","250102","24510250102","2501.02",Census Tract,G5020,S,"737636","0","+39.2773395","-076.6901916",1232657.695312500000000,4612.216066146086632,"737636","737636"
"8","8",Southwestern,285508051.689000010490417,85655.827484499997809,33755.744871688373678,44340793.300465837121010,"26525971","2525","24","510","250103","24510250103","2501.03",Census Tract,G5020,S,"2587957","0","+39.2687004","-076.6776588",4323643.136718750000000,11036.409805511837476,"2587951","2584755"
"8","8",Southwestern,285508051.689000010490417,85655.827484499997809,33755.744871688373678,44340793.300465837121010,"26525971","2539","24","510","280301","24510280301","2803.01",Census Tract,G5020,S,"3160921","20250","+39.3106632","-076.7022121",5320987.839843750000000,11912.575516145097936,"3181172","2983289"
"8","8",Southwestern,285508051.689000010490417,85655.827484499997809,33755.744871688373678,44340793.300465837121010,"26525971","2552","24","510","250205","24510250205","2502.05",Census Tract,G5020,S,"2316099","14427","+39.2506457","-076.6403025",3891633.265625000000000,12511.635212248947937,"2330530","2468"
"8","8",Southwestern,285508051.689000010490417,85655.827484499997809,33755.744871688373678,44340793.300465837121010,"26525971","2560","24","510","150900","24510150900","1509",Census Tract,G5020,S,"1464150","1171","+39.3142207","-076.6842999",2451225.308593749534339,10770.813626365921664,"1465321","761627"
"8","8",Southwestern,285508051.689000010490417,85655.827484499997809,33755.744871688373678,44340793.300465837121010,"26525971","2566","24","510","200702","24510200702","2007.02",Census Tract,G5020,S,"288171","0","+39.2847467","-076.6755998",481661.910156250000000,3098.805666193549769,"288172","288172"
"8","8",Southwestern,285508051.689000010490417,85655.827484499997809,33755.744871688373678,44340793.300465837121010,"26525971","2967","24","510","160700","24510160700","1607",Census Tract,G5020,S,"953875","14242","+39.3020563","-076.6686304",1618958.320312500000000,6321.499838808280401,"968116","967789"
"8","8",Southwestern,285508051.689000010490417,85655.827484499997809,33755.744871688373678,44340793.300465837121010,"26525971","2968","24","510","160801","24510160801","1608.01",Census Tract,G5020,S,"389703","0","+39.2980940","-076.6840558",651612.457031250000000,3623.425978416686576,"389703","389703"
"8","8",Southwestern,285508051.689000010490417,85655.827484499997809,33755.744871688373678,44340793.300465837121010,"26525971","2969","24","510","160802","24510160802","1608.02",Census Tract,G5020,S,"1226587","0","+39.3002221","-076.6796308",2051076.457031250000000,8023.584951932912190,"1226592","1226592"
"8","8",Southwestern,285508051.689000010490417,85655.827484499997809,33755.744871688373678,44340793.300465837121010,"26525971","2988","24","510","190300","24510190300","1903",Census Tract,G5020,S,"352929","0","+39.2842170","-076.6444910",589883.906250000000000,3370.335141311982170,"352925","200"
"8","8",Southwestern,285508051.689000010490417,85655.827484499997809,33755.744871688373678,44340793.300465837121010,"26525971","2989","24","510","200100","24510200100","2001",Census Tract,G5020,S,"264900","0","+39.2909656","-076.6478189",442840.906250000000000,2717.450194973817815,"264899","63"
"8","8",Southwestern,285508051.689000010490417,85655.827484499997809,33755.744871688373678,44340793.300465837121010,"26525971","2990","24","510","200200","24510200200","2002",Census Tract,G5020,S,"926853","0","+39.2908711","-076.6588488",1549454.453125000000000,5811.287301999873307,"926856","645662"
"8","8",Southwestern,285508051.689000010490417,85655.827484499997809,33755.744871688373678,44340793.300465837121010,"26525971","2991","24","510","200300","24510200300","2003",Census Tract,G5020,S,"244150","0","+39.2839924","-076.6481864",408068.863281250000000,3108.058163923371467,"244147","55263"
"8","8",Southwestern,285508051.689000010490417,85655.827484499997809,33755.744871688373678,44340793.300465837121010,"26525971","2992","24","510","200400","24510200400","2004",Census Tract,G5020,S,"387906","0","+39.2856222","-076.6558429",648377.511718750000000,4139.886155826421600,"387906","386682"
"8","8",Southwestern,285508051.689000010490417,85655.827484499997809,33755.744871688373678,44340793.300465837121010,"26525971","3013","24","510","200500","24510200500","2005",Census Tract,G5020,S,"653068","0","+39.2805380","-076.6540030",1091435.632812500000000,4405.802601309547754,"653069","652167"
"8","8",Southwestern,285508051.689000010490417,85655.827484499997809,33755.744871688373678,44340793.300465837121010,"26525971","3014","24","510","200600","24510200600","2006",Census Tract,G5020,S,"1770698","30330","+39.2840120","-076.6637324",3010190.515625000000000,8366.094019004174697,"1801026","1801026"
"8","8",Southwestern,285508051.689000010490417,85655.827484499997809,33755.744871688373678,44340793.300465837121010,"26525971","3015","24","510","200701","24510200701","2007.01",Census Tract,G5020,S,"1203683","0","+39.2900137","-076.6807033",2012193.089843750000000,6261.833022183094727,"1203687","1203687"
"8","8",Southwestern,285508051.689000010490417,85655.827484499997809,33755.744871688373678,44340793.300465837121010,"26525971","3016","24","510","200800","24510200800","2008",Census Tract,G5020,S,"1067262","0","+39.2801762","-076.6793608",1783636.769531250000000,6162.825519369496760,"1067263","1067263"
"8","8",Southwestern,285508051.689000010490417,85655.827484499997809,33755.744871688373678,44340793.300465837121010,"26525971","3035","24","510","210200","24510210200","2102",Census Tract,G5020,S,"2386963","12265","+39.2775819","-076.6395975",4009228.941406250000000,10358.503850950120977,"2399226","92936"
"9","9",Southern,374092823.288999974727631,295733.179378000029828,116466.260636966020684,58032190.468897826969624,"34756535","2172","24","510","250206","24510250206","2502.06",Census Tract,G5020,S,"2549600","18103","+39.2660587","-076.6622617",4289578.687500000000000,9525.402669847093421,"2567704","5054"
"9","9",Southern,374092823.288999974727631,295733.179378000029828,116466.260636966020684,58032190.468897826969624,"34756535","2173","24","510","250207","24510250207","2502.07",Census Tract,G5020,S,"917475","380163","+39.2537970","-076.6279535",2167087.269531250000000,6671.026721563018327,"1297638","919498"
"9","9",Southern,374092823.288999974727631,295733.179378000029828,116466.260636966020684,58032190.468897826969624,"34756535","2176","24","510","250301","24510250301","2503.01",Census Tract,G5020,S,"1891899","311271","+39.2623356","-076.6349462",3680162.183593750000000,10093.190203272772123,"2203171","1906177"
"9","9",Southern,374092823.288999974727631,295733.179378000029828,116466.260636966020684,58032190.468897826969624,"34756535","2177","24","510","250303","24510250303","2503.03",Census Tract,G5020,S,"1004607","30795","+39.2682540","-076.6482592",1729763.316406250000000,5782.327563891361024,"1035406","332811"
"9","9",Southern,374092823.288999974727631,295733.179378000029828,116466.260636966020684,58032190.468897826969624,"34756535","2178","24","510","250401","24510250401","2504.01",Census Tract,G5020,S,"1181295","31347","+39.2367295","-076.6066394",2024131.437500000000000,6781.473848311652546,"1212643","1179698"
"9","9",Southern,374092823.288999974727631,295733.179378000029828,116466.260636966020684,58032190.468897826969624,"34756535","2179","24","510","250402","24510250402","2504.02",Census Tract,G5020,S,"702436","0","+39.2307268","-076.6015251",1172284.613281250000000,4884.213233317814229,"702435","689184"
"9","9",Southern,374092823.288999974727631,295733.179378000029828,116466.260636966020684,58032190.468897826969624,"34756535","2192","24","510","040100","24510040100","401",Census Tract,G5020,S,"1189600","0","+39.2903959","-076.6149601",1988670.769531250000000,5881.013915727617132,"1189604","798"
"9","9",Southern,374092823.288999974727631,295733.179378000029828,116466.260636966020684,58032190.468897826969624,"34756535","2193","24","510","040200","24510040200","402",Census Tract,G5020,S,"435698","0","+39.2903223","-076.6250565",728358.691406250000000,3648.080597299983310,"435698","18933"
"9","9",Southern,374092823.288999974727631,295733.179378000029828,116466.260636966020684,58032190.468897826969624,"34756535","2201","24","510","250500","24510250500","2505",Census Tract,G5020,S,"8584546","4070107","+39.2176239","-076.5823444",21109655.792968750000000,22911.809974284715281,"12654654","8558367"
"9","9",Southern,374092823.288999974727631,295733.179378000029828,116466.260636966020684,58032190.468897826969624,"34756535","2202","24","510","250600","24510250600","2506",Census Tract,G5020,S,"5660512","9589221","+39.2368421","-076.5748320",25455485.636718750000000,25278.421543714532163,"15249744","5668951"
"9","9",Southern,374092823.288999974727631,295733.179378000029828,116466.260636966020684,58032190.468897826969624,"34756535","2522","24","510","240300","24510240300","2403",Census Tract,G5020,S,"200576","0","+39.2758588","-076.6105163",335170.718750000000000,2537.177909761314822,"200578","200578"
"9","9",Southern,374092823.288999974727631,295733.179378000029828,116466.260636966020684,58032190.468897826969624,"34756535","2526","24","510","250203","24510250203","2502.03",Census Tract,G5020,S,"923337","361546","+39.2451631","-076.6164269",2145440.359375000000000,7223.633645449669530,"1284883","929815"
"9","9",Southern,374092823.288999974727631,295733.179378000029828,116466.260636966020684,58032190.468897826969624,"34756535","2527","24","510","240400","24510240400","2404",Census Tract,G5020,S,"1180402","965344","+39.2647359","-076.5991303",3584318.203125000000000,9672.261392102087484,"2145747","1155707"
"9","9",Southern,374092823.288999974727631,295733.179378000029828,116466.260636966020684,58032190.468897826969624,"34756535","2528","24","510","250204","24510250204","2502.04",Census Tract,G5020,S,"861732","0","+39.2471578","-076.6271723",1438800.832031250000000,7774.774397405428317,"861730","861730"
"9","9",Southern,374092823.288999974727631,295733.179378000029828,116466.260636966020684,58032190.468897826969624,"34756535","2533","24","510","230200","24510230200","2302",Census Tract,G5020,S,"217596","0","+39.2740126","-076.6134847",363589.183593750000000,3361.319821267603857,"217596","217596"
"9","9",Southern,374092823.288999974727631,295733.179378000029828,116466.260636966020684,58032190.468897826969624,"34756535","2552","24","510","250205","24510250205","2502.05",Census Tract,G5020,S,"2316099","14427","+39.2506457","-076.6403025",3891633.265625000000000,12511.635212248947937,"2330530","2309437"
"9","9",Southern,374092823.288999974727631,295733.179378000029828,116466.260636966020684,58032190.468897826969624,"34756535","2901","24","510","280600","24510280600","2806",Census Tract,G5020,S,"576317","0","+39.2916116","-076.6329627",963469.816406250000000,3987.707207125955392,"576319","163"
"9","9",Southern,374092823.288999974727631,295733.179378000029828,116466.260636966020684,58032190.468897826969624,"34756535","2926","24","510","260605","24510260605","2606.05",Census Tract,G5020,S,"9979929","7154314","+39.2583782","-076.5496645",28617528.265625000000000,27414.425802035861125,"17134242","16967"
"9","9",Southern,374092823.288999974727631,295733.179378000029828,116466.260636966020684,58032190.468897826969624,"34756535","2987","24","510","190200","24510190200","1902",Census Tract,G5020,S,"266105","0","+39.2851695","-076.6401802",444782.707031250000000,2888.563602849616473,"266104","247357"
"9","9",Southern,374092823.288999974727631,295733.179378000029828,116466.260636966020684,58032190.468897826969624,"34756535","2988","24","510","190300","24510190300","1903",Census Tract,G5020,S,"352929","0","+39.2842170","-076.6444910",589883.906250000000000,3370.335141311982170,"352925","331565"
"9","9",Southern,374092823.288999974727631,295733.179378000029828,116466.260636966020684,58032190.468897826969624,"34756535","2991","24","510","200300","24510200300","2003",Census Tract,G5020,S,"244150","0","+39.2839924","-076.6481864",408068.863281250000000,3108.058163923371467,"244147","188633"
"9","9",Southern,374092823.288999974727631,295733.179378000029828,116466.260636966020684,58032190.468897826969624,"34756535","3011","24","510","180300","24510180300","1803",Census Tract,G5020,S,"289563","0","+39.2873082","-076.6329977",484019.023437500000000,3186.054221045049871,"289561","288536"
"9","9",Southern,374092823.288999974727631,295733.179378000029828,116466.260636966020684,58032190.468897826969624,"34756535","3013","24","510","200500","24510200500","2005",Census Tract,G5020,S,"653068","0","+39.2805380","-076.6540030",1091435.632812500000000,4405.802601309547754,"653069","902"
"9","9",Southern,374092823.288999974727631,295733.179378000029828,116466.260636966020684,58032190.468897826969624,"34756535","3031","24","510","210100","24510210100","2101",Census Tract,G5020,S,"1288245","192308","+39.2766193","-076.6265676",2474074.074218749534339,8039.192850561104024,"1480550","1480550"
"9","9",Southern,374092823.288999974727631,295733.179378000029828,116466.260636966020684,58032190.468897826969624,"34756535","3032","24","510","220100","24510220100","2201",Census Tract,G5020,S,"1154889","284941","+39.2827739","-076.6139104",2406468.828125000000000,7001.719097773799149,"1439828","755657"
"9","9",Southern,374092823.288999974727631,295733.179378000029828,116466.260636966020684,58032190.468897826969624,"34756535","3033","24","510","230300","24510230300","2303",Census Tract,G5020,S,"1312475","711520","+39.2643329","-076.6193615",3381077.312500000000000,9296.985114679797334,"2023998","1444321"
"9","9",Southern,374092823.288999974727631,295733.179378000029828,116466.260636966020684,58032190.468897826969624,"34756535","3034","24","510","240100","24510240100","2401",Census Tract,G5020,S,"1906851","2352887","+39.2650952","-076.5874454",7116030.937500000000000,11965.074035850224391,"4259735","1932656"
"9","9",Southern,374092823.288999974727631,295733.179378000029828,116466.260636966020684,58032190.468897826969624,"34756535","3035","24","510","210200","24510210200","2102",Census Tract,G5020,S,"2386963","12265","+39.2775819","-076.6395975",4009228.941406250000000,10358.503850950120977,"2399226","2306289"
"9","9",Southern,374092823.288999974727631,295733.179378000029828,116466.260636966020684,58032190.468897826969624,"34756535","3036","24","510","240200","24510240200","2402",Census Tract,G5020,S,"435843","311903","+39.2736267","-076.6002800",1249486.750000000000000,4847.421409967755608,"747746","425641"
"9","9",Southern,374092823.288999974727631,295733.179378000029828,116466.260636966020684,58032190.468897826969624,"34756535","3039","24","510","230100","24510230100","2301",Census Tract,G5020,S,"336352","0","+39.2758115","-076.6170686",562051.976562500000000,3127.294159529245917,"336353","336353"
